<beans xmlns="http://www.springframework.org/schema/beans"
	xmlns:xsi="http://www.w3.org/2001/XMLSchema-instance"
	xsi:schemaLocation="http://www.springframework.org/schema/beans
http://www.springframework.org/schema/beans/spring-beans-2.5.xsd">

	<bean class="org.springframework.beans.factory.annotation.AutowiredAnnotationBeanPostProcessor"/>
	
	<bean id="customer" class="com.mkyong.common.Customer" >
		<property name="action" value="buy" />
		<property name="type" value="1" />
	</bean>
		
	<bean id="personA" class="com.mkyong.common.Person" >
		<property name="name" value="mkyongA" />
	</bean>
	
</beans>