<?xml version="1.0" encoding="UTF-8"?>
<beans xmlns="http://www.springframework.org/schema/beans"
	xmlns:xsi="http://www.w3.org/2001/XMLSchema-instance"
	xsi:schemaLocation="http://www.springframework.org/schema/beans http://www.springframework.org/schema/beans/spring-beans.xsd">


	<bean id="gs" class="com.cg.st.service.SimpleGreetServiceImpl"></bean>
	<bean id="pgs" class="com.cg.st.service.ParamedGreetServiceImpl">
	<property name="greetNote" value ="Hi"></property></bean>
	<bean id = "tgs" class = "com.cg.st.service.TimeBasedGreetNoteProviderImpl"></bean>
	<bean id = "ags" class = "com.cg.st.service.AdvancedGreetServiceImpl">
	<property name="provider" ref = "tgs"></property>
	</bean>
</beans>
